﻿عبد المجيد مجذوب => riyad , tarek,reya, tarik, ryad, trek, trik, طارق, رياض, reyad, tariq, tareq
وداد جبور  =>  amina , nohad, amena, nuhad, أمينة, امينة, نهاد, ameena , nouhad, noohad
ايلي ضاهر => issam, essam, issam, عصام, isam, esam
هند أبي اللمع => mira , hind, hanoud, hanoudi, samar,mera, hined, hend, hanud, hanod, ميرا, هند, هنود, هنودي, سمر, meera, hanood, samr, hanoodi, hanudi, hanoudy, hanoody, hanudy, hanody
ليلى كرم => souad, zarifeh, soaad, suaad, zarifi,zarefi,سعاد, ظريفة , ظرفي,zareefi, zareefeh, zaryfeh, souaad, zaryfi
ألفيرا يونس => maha, مها,مهى
جوزيف نانو =>  sami, samy, سامي, samee
صلاح التيزاني => abou salim, abou salim el tabel , abo salim, abo salim el tabel, أبو سليم, ابو سليم, أبو سليم الطبل, ابو سليم الطبل
abu salim, abu salim el tabel, aboo salim, aboo salim el talem,  abou saleem, abou saleem el tabel , abo saleem, abo saleem el tabel,
 abu saleem, abu saleem el tabel, aboo saleem, aboo saleem el table
فاتن طويل => saadiyeh,saadiye, saadeyi, saadieh,sahdeyi , saadiyi, sahdiyi, sousou, soosoo, susu ,سعدية, سوسو,سعديي
عبدالله حمصي => asaad , assaad,أسعد, اسعد
ليلى قمري =>  farha, set bebe , badriyeh, badriye, badriyi, badrieh, bareyeh, badreyi, فرحة, ست بيبي, بدرية, بدريي
علي الزين => meshkeh, mechkeh,meshkah, mechkah, mishkeh, michkeh,mishkah, michkah, مشكاح
غازي شرمند =>, amyn , amyne  amin, amine, ameen, أمين, امين
فؤاد حسن => zaghloul, zaghlool, zaghlul, zaghlol,زغلول
ماجد أفيوني => belbol, bilbol, belbul, bilbul, بلبل
محمود مبسوط => fahman, fahmen, فهمان
صلاح صبح => chekri, shekri , Chokor , shokor, chekry, shekry , Chokur , shokour , Chukor , shukor,, شكري, شكر
شفيق حسن => chafic, shafic, shafik, chafik, chafeec, shafeec, shafeek, chafeek,شفيق,
جان خضير => jean, jan, جان
إبراهيم مرعشلي => ibrahim,  brahim, ibrahem,  brahem, ibrahym,  brahym,ibraheem,  braheem, barhoum, barhoom, barhum, barhom, bob, ابراهيم, برهوم, بوب
بيار جامجيان => piero, pyero, pieru, pyeru, pieroo بييرو
أماليا أبي صالح => amalia, amalya, amalea أماليا, اماليا
أحمد خليفة  =>abou el abed, abo el abed, abu el abed, aboo el abed,
abou el abid, abo el abid, abu el abid, aboo el abid, أبو العبد, ابو العبد
رفيق عويجان  => oweyjan, oweijan, oweyjaen, oweijen, عويجان
